{
    "UserName": "",
    "Password": "",
    "InstanceId": "",
    "UpdateUserType": false,
    "LDAPConf": {
        "Server": "",
        "UserName": "",
        "Password": "",
        "Port": 389,
        "Scope": 1,
		"DerefAliases": 1,
        "SizeLimit": 0,
		"TimeLimit": 0,
		"TypesOnly": false,
        "Filter": "(objectClass=user)",
        "DSN": ""
    },
    "LDAPMapping":{
        "UserId":"[sAMAccountName]",
        "UserType":"basic",
        "Name":"[cn]",
        "Password":"",
        "FirstName":"[cn]",
        "LastName":"[sn]",
        "JobTitle":"",
        "Site":"",
        "Phone":"[telephoneNumber]",
        "Email":"[userPrincipalName]",
        "Mobile":"[mobile]",
        "AbsenceMessage":"",
        "TimeZone":"",
        "Language":"",
        "DateTimeFormat":"",
        "DateFormat":"",
        "TimeFormat":"",
        "CurrencySymbol":"",
        "CountryCode":""
    },
    "LDAPAttirubutes":[
        "cn",
        "sn",
        "sAMAccountName",
        "userPrincipalName",
        "givenName",
        "description"
    ],
    "Roles":[
        "Basic User Role"
    ],
    "SiteLookup":{
        "Enabled": false,
        "Attribute":""
    }
}
